file,f0,duration,label,group,color,number,cutoff,f11,f21,f31,f12,f22,f32,f13,f23,f33,f14,f24,f34,f15,f25,f35
archi-phon-2006-PSX-1-vowels_0001,245.1,0.088,í,1,Teal,1,6000,444,2695,3436,463,2695,3480,456,2703,3468,460,2675,3344,465,2433,3017
archi-phon-2006-PSX-1-vowels_0002,217.4,0.11,í,1,Teal,2,5867,434,2599,3285,445,2655,3403,422,2650,3369,401,2651,3277,406,2525,3058
archi-phon-2006-PSX-1-vowels_0003,210,0.124,í,1,Teal,3,5733,431,2533,3067,440,2605,3075,441,2679,3193,439,2659,3345,427,2540,3402
archi-phon-2006-PSX-1-vowels_0004,170.5,0.118,í,1,Teal,4,6133,376,2463,3122,412,2589,3089,397,2641,3287,399,2633,3295,383,2608,3368
archi-phon-2006-PSX-1-vowels_0005,241.2,0.178,í,1,Teal,5,7200,418,2483,3262,439,2572,3262,426,2724,3388,365,2741,3479,361,2648,3472
archi-phon-2006-PSX-1-vowels_0006,197.3,0.144,í,1,Teal,6,6800,418,2551,3200,409,2636,3231,390,2722,3277,367,2728,3283,376,2702,3239
archi-phon-2006-PSX-1-vowels_0007,262.3,0.164,ú,5,Olive,7,6267,620,741,2718,475,806,2821,508,777,3047,422,956,3234,338,1185,3381
archi-phon-2006-PSX-1-vowels_0008,232.1,0.114,ú,5,Olive,8,6800,458,989,2868,449,1099,2749,473,1033,2875,482,1158,3130,460,1346,2711
archi-phon-2006-PSX-1-vowels_0009,223.3,0.212,íˤ,6,Cyan,9,6533,432,2697,3379,340,2817,3478,418,2871,3429,405,2873,3564,384,2949,3614
archi-phon-2006-PSX-1-vowels_0010,198.2,0.2,íˤ,6,Cyan,10,6400,433,2401,2766,459,2568,3113,417,2714,3487,394,2848,3651,387,2812,3520
archi-phon-2006-PSX-1-vowels_0011,235.6,0.152,íː,11,Teal,11,6400,414,2591,3347,439,2600,3351,423,2685,3424,329,2749,3413,372,2852,3360
archi-phon-2006-PSX-1-vowels_0012,211.1,0.118,íː,11,Teal,12,6000,404,2512,3265,411,2566,3370,406,2607,3357,383,2660,3374,378,2721,3420
archi-phon-2006-PSX-1-vowels_0013,239,0.186,íː,11,Teal,13,6133,435,2767,3278,385,2869,3256,399,2870,3328,402,2814,3426,406,2683,3462
archi-phon-2006-PSX-1-vowels_0014,196.6,0.126,íː,11,Teal,14,6133,403,2890,3301,391,2957,3250,382,2997,3378,384,2916,3397,381,2872,3363
archi-phon-2006-PSX-1-vowels_0015,233.3,0.18,íː,11,Teal,15,7200,393,2635,3251,352,2701,3314,376,2665,3318,370,2748,3296,371,2634,3326
archi-phon-2006-PSX-1-vowels_0016,199.8,0.162,íː,11,Teal,16,6267,396,2701,3314,373,2705,3228,400,2729,3207,391,2729,3233,362,2646,3226
archi-phon-2006-PSX-1-vowels_0017,206.4,0.118,é,2,Navy,17,5600,435,2475,3252,427,2479,3251,428,2478,3233,421,2459,3252,406,2423,3284
archi-phon-2006-PSX-1-vowels_0018,193.3,0.128,é,2,Navy,18,6533,434,2571,3373,425,2580,3388,394,2619,3373,377,2625,3408,389,2609,3394
archi-phon-2006-PSX-1-vowels_0019,217.5,0.18,é,2,Navy,19,6533,375,2706,3290,441,2644,3249,446,2604,3185,471,2524,3212,445,2297,3198
archi-phon-2006-PSX-1-vowels_0020,185.2,0.136,é,2,Navy,20,6000,388,2644,3274,394,2628,3203,394,2548,3109,414,2442,3113,407,2277,3050
archi-phon-2006-PSX-1-vowels_0021,290.9,0.11,é,2,Navy,21,7200,563,2452,3096,560,2419,3095,548,2434,3233,582,2379,3197,540,2266,3274
archi-phon-2006-PSX-1-vowels_0022,194.3,0.114,é,2,Navy,22,5867,481,2466,3111,440,2463,3232,429,2410,3145,398,2332,3127,390,2312,3098
archi-phon-2006-PSX-1-vowels_0023,219.2,0.104,éˤ,7,Blue,23,5867,597,2170,2823,532,2137,2902,458,2066,2835,404,2008,3055,533,2146,3428
archi-phon-2006-PSX-1-vowels_0024,194.7,0.108,éˤ,7,Blue,24,5600,545,2265,2828,520,2196,2869,476,2140,3084,438,2131,3173,474,2161,3195
archi-phon-2006-PSX-1-vowels_0025,133.1,0.15,éˤ,7,Blue,25,5733,642,2249,3146,559,2292,3100,471,2344,3109,371,2372,3166,351,2304,3319
archi-phon-2006-PSX-1-vowels_0026,176.1,0.098,éˤ,7,Blue,26,5600,519,2349,3016,538,2331,2983,521,2436,3113,484,2384,3116,426,2434,3287
archi-phon-2006-PSX-1-vowels_0027,207.2,0.14,éˤ,7,Blue,27,6000,481,1854,2905,578,1870,2828,561,1853,2715,590,1885,2730,569,1733,2615
archi-phon-2006-PSX-1-vowels_0028,190.9,0.136,éˤ,7,Blue,28,5600,461,1831,3081,498,1854,2827,543,1850,2691,594,1831,2738,532,1663,2659
archi-phon-2006-PSX-1-vowels_0029,214.6,0.284,éː,12,Navy,29,5867,414,2291,2859,437,2398,3119,439,2358,3162,451,2349,3090,627,1722,2848
archi-phon-2006-PSX-1-vowels_0030,183.3,0.2,éː,12,Navy,30,6400,427,2290,2914,385,2454,3064,386,2523,3194,424,2458,3025,517,1807,2957
archi-phon-2006-PSX-1-vowels_0031,272.7,0.116,íː,11,Teal,31,6533,421,2509,3323,441,2556,3353,458,2555,3327,375,2616,3236,356,2641,3163
archi-phon-2006-PSX-1-vowels_0032,201.5,0.098,ú,5,Olive,32,5733,487,1317,2738,432,1159,2633,414,1016,2752,394,939,2788,385,874,2607
archi-phon-2006-PSX-1-vowels_0033,244.9,0.234,í,1,Teal,33,6400,416,2677,3275,449,2707,3304,423,2703,3358,386,2750,3480,382,2661,3479
archi-phon-2006-PSX-1-vowels_0034,217.8,0.092,íː,11,Teal,34,5733,415,2564,3215,397,2570,3169,439,2584,3084,420,2592,3017,372,2672,2864
archi-phon-2006-PSX-1-vowels_0035,175.6,0.086,ú,5,Olive,35,5867,400,1148,2591,400,1030,2692,392,988,2612,377,923,2583,348,1092,2689
archi-phon-2006-PSX-1-vowels_0036,184.2,0.146,í,1,Teal,36,6533,335,2685,3278,293,2664,3267,360,2647,3408,532,2599,3363,831,2588,3293
archi-phon-2006-PSX-1-vowels_0037,180,0.168,éː,12,Navy,37,7067,439,1534,2731,448,1927,2767,577,2302,3082,565,2297,3244,500,2192,3194
archi-phon-2006-PSX-1-vowels_0038,164,0.128,éː,12,Navy,38,6267,369,1444,2862,402,1855,2860,433,2373,3153,467,2429,3258,452,2362,3310
archi-phon-2006-PSX-1-vowels_0039,212.6,0.18,éːˤ,17,Blue,39,6933,486,1775,2427,518,2041,2629,583,2235,2839,615,2111,3102,561,1942,3021
archi-phon-2006-PSX-1-vowels_0040,177.1,0.186,éːˤ,17,Blue,40,5600,419,1580,2535,507,2028,2624,532,2248,2698,526,2187,2839,542,1910,3068
archi-phon-2006-PSX-1-vowels_0041,204.6,0.234,éːˤ,17,Blue,41,5467,513,2235,2708,508,2282,2781,529,2251,2781,586,2186,2800,594,1826,2836
archi-phon-2006-PSX-1-vowels_0042,202.6,0.268,éːˤ,17,Blue,42,5733,534,2255,2756,522,2336,2790,519,2322,2737,550,2224,2786,610,1937,2856
archi-phon-2006-PSX-1-vowels_0043,284.9,0.382,éːˤ,17,Blue,43,5733,467,2406,3034,520,2276,2618,549,2111,2472,616,2073,2498,654,1997,2681
archi-phon-2006-PSX-1-vowels_0044,199.3,0.254,éːˤ,17,Blue,44,7200,468,2351,3172,473,2407,3135,471,2427,3198,556,2320,3187,581,1889,2952
archi-phon-2006-PSX-1-vowels_0045,210.1,0.41,éːˤ,17,Blue,45,6400,488,2233,2705,499,2348,2899,525,2327,2971,550,2266,2981,554,2069,2988
archi-phon-2006-PSX-1-vowels_0046,186.3,0.282,éːˤ,17,Blue,46,5733,420,2192,2590,458,2293,2822,437,2301,2820,508,2327,2951,589,2014,2919
archi-phon-2006-PSX-1-vowels_0047,0,0.09,á,3,Purple,47,6133,608,2267,3241,727,2188,3101,832,1983,2942,927,1797,2739,914,1670,2778
archi-phon-2006-PSX-1-vowels_0048,141.7,0.088,á,3,Purple,48,5467,896,1852,2784,934,1829,2754,996,1802,2672,971,1725,2794,942,1634,2837
archi-phon-2006-PSX-1-vowels_0049,249,0.128,á,3,Purple,49,7200,641,2173,3247,811,1954,3051,884,1848,3126,919,1706,3487,742,1554,3594
archi-phon-2006-PSX-1-vowels_0050,0,0.072,á,3,Purple,50,5467,936,1853,2923,938,1821,2800,960,1818,2875,878,1694,2911,1040,1657,2892
archi-phon-2006-PSX-1-vowels_0051,239.9,0.232,á,3,Purple,51,6933,707,1487,2966,809,1658,2965,834,1750,3317,853,1811,3317,831,1860,3347
archi-phon-2006-PSX-1-vowels_0052,168.3,0.178,á,3,Purple,52,6400,640,1374,2865,772,1670,2905,773,1748,2892,988,1789,3057,1087,1734,3224
archi-phon-2006-PSX-1-vowels_0053,238.8,0.274,íː,11,Teal,53,7200,466,2440,3240,407,2776,3277,393,2778,3262,387,2702,3195,393,2344,3352
archi-phon-2006-PSX-1-vowels_0054,260.7,0.18,í,1,Teal,54,6133,457,2373,3212,378,2622,3169,336,2699,3059,326,2753,3099,336,2465,3170
archi-phon-2006-PSX-1-vowels_0055,203.4,0.118,í,1,Teal,55,7200,617,1872,3189,608,2230,3110,488,2571,3185,425,2624,3098,394,2603,3103
archi-phon-2006-PSX-1-vowels_0056,198.7,0.076,í,1,Teal,56,6533,599,1959,3576,581,2283,3454,468,2540,3376,390,2672,3385,377,2632,3396
archi-phon-2006-PSX-1-vowels_0057,210.3,0.266,áˤ,8,Magenta,57,6133,663,1720,2399,768,1749,2522,785,1705,2475,800,1765,2501,755,1793,2666
archi-phon-2006-PSX-1-vowels_0058,169.2,0.202,áˤ,8,Magenta,58,6000,700,1720,2451,831,1779,2596,845,1764,2581,808,1807,2597,832,1760,2733
archi-phon-2006-PSX-1-vowels_0059,274.5,0.308,í,1,Teal,59,7200,428,2653,3315,440,2774,3454,343,2793,3470,337,2786,3498,342,2703,3479
archi-phon-2006-PSX-1-vowels_0060,161,0.192,í,1,Teal,60,7067,373,2530,3219,345,2633,3247,365,2722,3313,317,2762,3281,315,2789,3299
archi-phon-2006-PSX-1-vowels_0061,196.3,0.286,á,3,Purple,61,7200,596,1867,3194,811,1905,3070,851,1834,2979,887,1820,2971,892,1996,2961
archi-phon-2006-PSX-1-vowels_0062,165.2,0.162,á,3,Purple,62,6533,592,1939,3395,711,1927,3241,799,1868,2963,864,1854,2938,930,1831,2893
archi-phon-2006-PSX-1-vowels_0063,251.5,0.226,ú,5,Olive,63,6800,540,2499,3416,630,2488,3463,651,1784,3240,438,1115,3282,347,1732,3136
archi-phon-2006-PSX-1-vowels_0064,178.7,0.164,ú,5,Olive,64,5200,408,888,2434,406,879,2436,390,916,2400,399,987,2238,339,1218,2030
archi-phon-2006-PSX-1-vowels_0065,217.4,0.166,á,3,Purple,65,6533,666,2195,2958,771,1931,2984,866,1826,2931,889,1826,2902,885,1841,2791
archi-phon-2006-PSX-1-vowels_0066,147.7,0.094,á,3,Purple,66,6267,675,2301,3279,746,2122,3059,764,1978,2890,788,1899,3045,747,1801,2701
archi-phon-2006-PSX-1-vowels_0067,205.2,0.296,áː,13,Purple,67,5733,622,2091,2928,811,1846,2908,855,1831,2932,845,1742,2941,851,1670,2862
archi-phon-2006-PSX-1-vowels_0068,159.5,0.21,áː,13,Purple,68,7067,721,2142,3117,815,1873,3036,832,1780,3023,827,1741,3027,833,1646,2990
archi-phon-2006-PSX-1-vowels_0069,214.3,0.162,á,3,Purple,69,6400,678,1230,2936,721,1383,2875,830,1533,2923,899,1669,2944,908,1684,2948
archi-phon-2006-PSX-1-vowels_0070,140,0.11,á,3,Purple,70,5867,599,1244,2653,636,1308,2682,714,1396,2802,767,1482,2798,796,1556,2839
archi-phon-2006-PSX-1-vowels_0071,186.1,0.182,á,3,Purple,71,6667,598,2293,2966,739,2009,2949,758,1808,3156,805,1793,3030,857,1784,2902
archi-phon-2006-PSX-1-vowels_0072,182.5,0.162,á,3,Purple,72,6800,424,2661,3309,634,2288,3030,844,1966,2967,850,1763,2944,920,1804,3019
archi-phon-2006-PSX-1-vowels_0073,205.8,0.088,ó,4,Green,73,6133,475,1044,3357,458,1041,3278,430,1024,3306,408,1016,3259,400,1022,3177
archi-phon-2006-PSX-1-vowels_0074,280.1,0.1,ó,4,Green,74,6533,496,899,3341,536,1034,3363,543,1069,3336,547,948,3325,512,972,3405
archi-phon-2006-PSX-1-vowels_0075,151,0.15,á,3,Purple,75,6800,905,1607,3352,911,1725,3116,923,1706,3027,863,1833,3141,788,1910,3151
archi-phon-2006-PSX-1-vowels_0076,191.3,0.224,áː,13,Purple,76,6133,622,1928,3288,744,1762,3146,767,1677,3051,777,1719,3012,754,1783,3086
archi-phon-2006-PSX-1-vowels_0077,179.2,0.18,áː,13,Purple,77,6400,630,1965,3094,747,1845,3161,841,1758,3139,839,1790,2999,737,1854,2966
archi-phon-2006-PSX-1-vowels_0078,262.6,0.222,áː,13,Purple,78,6800,645,1973,3292,811,1819,3219,897,1783,3115,875,1771,2964,752,1813,3107
archi-phon-2006-PSX-1-vowels_0079,191.4,0.222,áː,13,Purple,79,6533,685,1936,3261,839,1825,3228,908,1797,3226,744,1902,3294,662,1922,3327
archi-phon-2006-PSX-1-vowels_0080,280.1,0.148,á,3,Purple,80,6533,621,1958,3051,765,1973,2808,840,1909,2726,856,1910,2778,878,1908,3057
archi-phon-2006-PSX-1-vowels_0081,160.1,0.212,áː,13,Purple,81,6267,702,1889,3174,800,1741,2910,823,1724,2940,774,1766,3016,678,1859,3094
archi-phon-2006-PSX-1-vowels_0082,259.9,0.234,áː,13,Purple,82,6267,605,2008,3173,760,1819,2884,778,1800,2892,790,1776,2989,754,1831,3061
archi-phon-2006-PSX-1-vowels_0083,192.2,0.156,áː,13,Purple,83,5867,644,1906,2886,742,1743,2937,748,1686,3004,722,1728,3001,683,1815,3103
archi-phon-2006-PSX-1-vowels_0084,173.7,0.214,áːˤ,18,Magenta,84,5467,637,1639,2472,757,1699,2488,848,1686,2481,872,1664,2465,775,1509,2399
archi-phon-2006-PSX-1-vowels_0085,164.4,0.248,áːˤ,18,Magenta,85,6267,673,1595,2381,839,1689,2478,890,1695,2530,906,1660,2507,763,1527,2388
archi-phon-2006-PSX-1-vowels_0086,241.9,0.2,ó,4,Green,86,5867,478,958,3013,497,978,2994,509,1015,2915,542,1253,2943,520,1733,2950
archi-phon-2006-PSX-1-vowels_0087,185.4,0.184,ó,4,Green,87,6000,457,1044,2859,488,1029,2865,473,1105,2914,472,1366,2807,371,1995,2833
archi-phon-2006-PSX-1-vowels_0088,215.9,0.184,í,1,Teal,88,7200,467,2474,3314,430,2707,3455,418,2829,3504,368,2817,3502,363,2747,3444
archi-phon-2006-PSX-1-vowels_0089,265.4,0.124,í,1,Teal,89,7200,416,2243,3121,342,2606,3288,321,2725,3412,350,2737,3373,379,2653,3367
archi-phon-2006-PSX-1-vowels_0090,251.2,0.08,í,1,Teal,90,6533,293,2561,3306,379,2531,3080,388,2564,3257,418,2528,3243,391,2480,3177
archi-phon-2006-PSX-1-vowels_0091,202.5,0.052,í,1,Teal,91,6933,406,2575,3289,415,2601,3278,402,2605,3288,390,2549,3324,387,2525,3366
archi-phon-2006-PSX-1-vowels_0092,238.5,0.116,óˤ,9,Lime,92,5867,463,1313,2253,473,1187,2392,524,1216,2482,672,1347,2559,611,1485,2458
archi-phon-2006-PSX-1-vowels_0093,219,0.126,á,3,Purple,93,5200,749,1806,2611,868,1767,2630,848,1759,2583,840,1756,2796,811,1762,2702
archi-phon-2006-PSX-1-vowels_0094,188.9,0.096,í,1,Teal,94,6800,396,2573,3179,382,2537,3111,374,2472,3122,373,2424,3072,376,2421,3084
archi-phon-2006-PSX-1-vowels_0095,226.8,0.084,óˤ,9,Lime,95,5200,435,1340,2351,463,1155,2394,487,1283,2255,519,1414,2200,458,1606,2017
archi-phon-2006-PSX-1-vowels_0096,197.7,0.092,á,3,Purple,96,6800,707,1838,3193,734,1816,2944,670,1778,2761,710,1741,2741,735,1729,2667
archi-phon-2006-PSX-1-vowels_0097,326.4,0.09,í,1,Teal,97,7067,382,2540,3270,421,2565,3324,398,2454,3383,391,2368,3327,360,2426,3336
archi-phon-2006-PSX-1-vowels_0098,252.8,0.252,ó,4,Green,98,6133,415,1029,3099,563,1061,3031,616,1183,3019,719,1452,2992,759,1786,3278
archi-phon-2006-PSX-1-vowels_0099,208.9,0.12,ó,4,Green,99,6267,544,1052,3201,475,1065,3102,555,1045,3131,570,1320,3085,558,1687,3044
archi-phon-2006-PSX-1-vowels_0100,198.8,0.074,á,3,Purple,100,5600,913,1911,2795,917,1795,2729,912,1798,2688,857,1837,2720,863,1777,2800
archi-phon-2006-PSX-1-vowels_0101,166.2,0.128,á,3,Purple,101,6533,918,1735,2929,920,1726,2820,869,1656,2842,713,1613,2882,919,1614,2884
archi-phon-2006-PSX-1-vowels_0102,233.6,0.204,óˤ,9,Lime,102,5467,593,1329,2156,604,1331,2177,624,1381,2238,682,1473,2236,607,1638,2319
archi-phon-2006-PSX-1-vowels_0103,179.1,0.174,óˤ,9,Lime,103,5733,558,1314,2156,564,1313,2221,545,1274,2219,545,1357,2200,445,1456,2203
archi-phon-2006-PSX-1-vowels_0104,245.7,0.114,ú,5,Olive,104,5867,448,1752,2789,466,1394,2852,470,1204,2909,462,1074,3060,449,1073,3069
archi-phon-2006-PSX-1-vowels_0105,191.3,0.092,ú,5,Olive,105,6533,419,1800,2896,416,1458,2834,417,1347,2809,435,1138,3040,436,1242,3039
archi-phon-2006-PSX-1-vowels_0106,216.6,0.11,óˤ,9,Lime,106,5600,551,1238,2097,551,1246,2404,585,1247,2544,599,1346,2583,590,1399,2503
archi-phon-2006-PSX-1-vowels_0107,235.7,0.102,óˤ,9,Lime,107,6000,503,1373,2444,540,1363,2526,553,1357,2497,541,1444,2492,530,1600,2486
archi-phon-2006-PSX-1-vowels_0108,182.9,0.162,óˤ,9,Lime,108,5467,552,1348,2290,573,1314,2379,568,1341,2397,569,1304,2498,494,1230,2634
archi-phon-2006-PSX-1-vowels_0109,298.1,0.144,óˤ,9,Lime,109,5600,589,1383,2240,610,1436,2469,637,1431,2367,672,1517,2647,621,1623,2618
archi-phon-2006-PSX-1-vowels_0110,159,0.176,óˤ,9,Lime,110,5200,563,1275,2290,594,1255,2326,626,1311,2371,833,1435,2417,758,1479,2564
archi-phon-2006-PSX-1-vowels_0111,159.2,0.188,óˤ,9,Lime,111,5333,556,1312,2296,591,1259,2328,595,1170,2302,581,1278,2403,723,1327,2527
archi-phon-2006-PSX-1-vowels_0112,280.5,0.22,óˤ,9,Lime,112,5600,515,1393,2285,628,1396,2465,619,1299,2501,662,1370,2724,564,1328,2666
archi-phon-2006-PSX-1-vowels_0113,224.1,0.184,í,1,Teal,113,6800,416,2935,3552,380,2932,3462,354,2905,3330,442,2836,3311,432,2755,3378
archi-phon-2006-PSX-1-vowels_0114,203.2,0.15,í,1,Teal,114,5867,397,2714,3028,396,2817,3041,380,2761,3326,372,2806,3211,389,2801,3276
archi-phon-2006-PSX-1-vowels_0115,202.9,0.162,í,1,Teal,115,6800,402,2872,3383,411,2872,3295,405,2830,3229,399,2725,3168,387,2716,3158
archi-phon-2006-PSX-1-vowels_0116,184.3,0.168,í,1,Teal,116,5200,428,985,2695,423,1382,2741,383,1683,2763,351,1782,2706,344,1433,2592
archi-phon-2006-PSX-1-vowels_0117,207.1,0.264,óː,14,Green,117,5600,433,1024,2859,442,973,3075,463,900,3106,501,1047,3070,532,1503,2804
archi-phon-2006-PSX-1-vowels_0118,169.7,0.178,óː,14,Green,118,6133,437,1041,2993,481,1005,3105,496,991,3163,493,1094,3046,580,1445,2873
archi-phon-2006-PSX-1-vowels_0119,220.3,0.288,óː,14,Green,119,5733,588,1029,2955,480,927,3026,471,938,3056,465,921,2981,447,868,2957
archi-phon-2006-PSX-1-vowels_0120,190,0.228,óː,14,Green,120,6000,436,850,3130,401,802,3147,382,769,3125,372,742,3189,368,739,3172
archi-phon-2006-PSX-1-vowels_0121,195.4,0.232,óː,14,Green,121,5600,532,834,3189,495,939,3118,491,995,3157,519,1163,3115,558,1520,3248
archi-phon-2006-PSX-1-vowels_0122,150.2,0.184,óː,14,Green,122,6400,557,717,3270,509,858,3176,514,1021,3147,570,1313,3215,540,1520,3271
archi-phon-2006-PSX-1-vowels_0123,191.8,0.35,óːˤ,19,Lime,123,5200,516,1188,2573,486,1055,2162,442,994,2071,484,992,2074,484,1121,2404
archi-phon-2006-PSX-1-vowels_0124,173.2,0.296,óːˤ,19,Lime,124,5733,543,1415,2525,553,1112,2265,558,863,2133,462,880,2146,478,1047,2489
archi-phon-2006-PSX-1-vowels_0125,174.9,0.136,á,3,Purple,125,6000,596,2056,2850,714,1897,2949,858,1779,2867,886,1584,2880,841,1493,3079
archi-phon-2006-PSX-1-vowels_0126,218.3,0.224,ú,5,Olive,126,5467,420,928,3124,437,1096,3116,440,951,3109,447,934,3186,423,854,3198
archi-phon-2006-PSX-1-vowels_0127,196.6,0.158,ú,5,Olive,127,7067,394,907,3269,398,969,3069,412,912,3037,430,866,3123,429,895,3264
archi-phon-2006-PSX-1-vowels_0128,241.8,0.172,ú,5,Olive,128,6933,442,806,3462,464,847,3484,424,941,3446,475,839,3378,442,816,3486
archi-phon-2006-PSX-1-vowels_0129,188.5,0.182,í,1,Teal,129,7200,380,2665,3036,384,2738,3090,376,2789,3123,356,2843,3729,361,2869,3699
archi-phon-2006-PSX-1-vowels_0130,168.6,0.232,í,1,Teal,130,6800,369,2556,3033,343,2766,3119,335,2796,3364,341,2779,3387,409,2526,3278
archi-phon-2006-PSX-1-vowels_0131,211.9,0.126,ú,5,Olive,131,6133,413,889,2685,402,903,3150,407,930,3059,404,1047,2969,387,1323,2862
archi-phon-2006-PSX-1-vowels_0132,201.5,0.128,ú,5,Olive,132,5467,410,953,2626,411,898,3014,413,942,3035,391,1006,2976,366,1331,2569
archi-phon-2006-PSX-1-vowels_0133,223.7,0.128,ú,5,Olive,133,5333,367,1076,2857,439,998,3078,452,1102,3073,434,1121,3089,394,1158,2409
archi-phon-2006-PSX-1-vowels_0134,205.4,0.118,ú,5,Olive,134,5867,391,1157,2747,426,1113,2964,426,1089,2964,395,1177,2979,402,1306,2743
archi-phon-2006-PSX-1-vowels_0135,194.8,0.15,á,3,Purple,135,5867,527,1759,2921,719,1764,2759,781,1770,2806,770,1855,3019,753,1943,3177
archi-phon-2006-PSX-1-vowels_0136,177,0.134,á,3,Purple,136,6267,478,1687,2891,719,1658,2885,761,1659,2913,859,1782,2948,716,1972,3007
archi-phon-2006-PSX-1-vowels_0137,292.6,0.2,úˤ,10,Maroon,137,5867,520,1152,2914,554,1131,2996,585,1270,2988,623,1404,3021,642,1624,2806
archi-phon-2006-PSX-1-vowels_0138,185.5,0.168,ú,5,Olive,138,5467,410,847,2630,410,951,2613,415,970,2466,418,1135,2743,433,1318,2812
archi-phon-2006-PSX-1-vowels_0139,222.2,0.172,ú,5,Olive,139,5333,411,925,2388,380,915,2307,394,1121,2702,424,1389,2802,404,1817,2751
archi-phon-2006-PSX-1-vowels_0140,166.2,0.074,ú,5,Olive,140,5200,383,826,2459,351,919,2360,351,1014,2203,412,1330,2153,407,1584,2318
archi-phon-2006-PSX-1-vowels_0141,189.5,0.078,á,3,Purple,141,6800,621,2223,3237,733,2051,3154,755,2141,3127,737,1988,3143,670,2179,3196
archi-phon-2006-PSX-1-vowels_0142,180.9,0.192,úː,15,Olive,142,6400,390,822,3537,371,845,3536,374,896,3403,384,1117,3382,394,1529,3172
archi-phon-2006-PSX-1-vowels_0143,190,0.088,á,3,Purple,143,6267,692,2120,2965,726,1847,2937,718,1781,3031,704,1842,2880,584,1732,2916
archi-phon-2006-PSX-1-vowels_0144,175.9,0.186,úː,15,Olive,144,6267,427,865,3651,376,876,3674,357,934,3374,367,1116,3210,372,1607,3089
archi-phon-2006-PSX-1-vowels_0145,186.6,0.118,á,3,Purple,145,5867,595,2290,2828,716,1980,2878,715,2045,2856,698,2006,2906,659,2038,2884
archi-phon-2006-PSX-1-vowels_0146,218.8,0.22,óː,14,Green,146,6133,503,912,3426,481,978,3298,534,1147,3191,650,1489,3147,636,1672,3155
archi-phon-2006-PSX-1-vowels_0147,190.7,0.094,á,3,Purple,147,6000,753,2110,2819,790,1944,2778,792,1868,2800,776,1905,2891,564,1865,2765
archi-phon-2006-PSX-1-vowels_0148,162.9,0.196,óː,14,Green,148,6133,475,873,3497,484,949,3287,500,1007,3250,477,1310,3043,454,1586,3015
archi-phon-2006-PSX-1-vowels_0149,274.1,0.1,á,3,Purple,149,6400,787,1910,2868,835,1872,2959,854,1874,3142,798,1883,3233,654,1838,3298
archi-phon-2006-PSX-1-vowels_0150,277.9,0.226,óː,14,Green,150,6000,552,917,3262,571,1008,3289,591,1069,3195,584,1182,3142,563,1519,3044
archi-phon-2006-PSX-1-vowels_0151,229.5,0.116,á,3,Purple,151,7200,498,2334,3278,657,2234,3701,690,1978,3297,697,1811,3342,685,1810,3428
archi-phon-2006-PSX-1-vowels_0152,184,0.142,óː,14,Green,152,5600,476,835,3471,498,892,3422,508,1067,3342,528,1279,3253,493,1440,3299
archi-phon-2006-PSX-1-vowels_0153,247,0.088,á,3,Purple,153,6533,548,2524,3510,690,2228,3455,762,2022,3377,804,1968,3318,743,1909,3117
archi-phon-2006-PSX-1-vowels_0154,265.1,0.29,óː,14,Green,154,6000,545,904,3250,558,993,3306,550,1054,3231,539,1067,3112,589,1598,3290
archi-phon-2006-PSX-1-vowels_0155,85.5,0.04,á,3,Purple,155,6267,598,2128,3346,631,1958,3315,625,1917,3260,611,1897,3250,555,2023,3501
archi-phon-2006-PSX-1-vowels_0156,160.3,0.122,óː,14,Green,156,6000,503,892,3445,481,914,3391,475,970,3313,526,1167,3242,515,1435,3250
archi-phon-2006-PSX-1-vowels_0157,252.1,0.23,ú,5,Olive,157,5333,447,1165,2178,465,1191,2236,571,1210,2267,519,1203,2038,538,1277,2256
archi-phon-2006-PSX-1-vowels_0158,257,0.332,úːˤ,20,Maroon,158,6400,472,1230,2199,494,1130,2352,502,1046,2572,526,1012,2902,502,1083,2708
archi-phon-2006-PSX-1-vowels_0159,202.8,0.222,úːˤ,20,Maroon,159,5333,433,1152,2103,437,1055,2497,426,988,2615,470,994,2480,437,1010,2396
archi-phon-2006-PSX-1-vowels_0160,220.7,0.15,ó,4,Green,160,6133,446,2009,2758,479,1679,2785,570,1447,2881,555,1329,2920,444,1301,2684
archi-phon-2006-PSX-1-vowels_0161,173.8,0.126,ó,4,Green,161,6133,391,2022,2772,443,1662,2774,500,1365,2888,474,1276,2934,455,1337,2652
archi-phon-2006-PSX-1-vowels_0162,187.4,0.152,é,2,Navy,162,6133,419,2371,3059,485,2273,3005,482,2202,2924,422,2166,3099,533,2153,2968
archi-phon-2006-PSX-1-vowels_0163,218.9,0.206,ó,4,Green,163,6533,401,1705,2920,462,1391,2943,464,1297,3039,609,1334,3151,658,1459,3307
archi-phon-2006-PSX-1-vowels_0164,167.3,0.076,é,2,Navy,164,6667,448,2342,3156,417,2416,2995,445,2390,3011,462,2277,3078,372,2260,3141
archi-phon-2006-PSX-1-vowels_0165,119.1,0.142,ó,4,Green,165,5200,399,1693,2711,483,1457,2707,593,1321,2776,602,1299,2887,595,1422,2825
archi-phon-2006-PSX-1-vowels_0166,212,0.186,ó,4,Green,166,6267,470,959,3107,450,911,3158,435,979,3097,423,1312,2881,409,1862,2801
archi-phon-2006-PSX-1-vowels_0167,206.1,0.174,ó,4,Green,167,5733,446,911,3064,446,904,3055,429,886,2948,440,1231,2843,424,1677,2759
archi-phon-2006-PSX-1-vowels_0168,205.5,0.164,ó,4,Green,168,5200,561,1434,2697,527,1262,2847,624,1189,2868,608,1254,2793,609,1254,2126
archi-phon-2006-PSX-1-vowels_0169,179.3,0.14,ó,4,Green,169,6133,507,1422,2841,583,1230,2817,581,1208,2813,584,1203,2796,626,1363,2727
archi-phon-2006-PSX-1-vowels_0170,219.4,0.146,á,3,Purple,170,5600,819,1705,2606,876,1742,2802,879,1760,3029,831,1726,3116,732,1749,3032
archi-phon-2006-PSX-1-vowels_0171,174.7,0.108,á,3,Purple,171,6400,787,1572,2486,855,1647,2792,848,1615,2857,765,1640,3174,796,1679,3272
archi-phon-2006-PSX-1-vowels_0172,160.6,0.09,ó,4,Green,172,6000,520,1347,2711,598,1306,2767,559,1374,2733,609,1488,2724,1096,2299,3345
archi-phon-2006-PSX-1-vowels_0173,207.6,0.078,ú,5,Olive,173,6267,442,1118,2639,427,1075,2583,444,1071,2536,478,1121,2597,459,1228,2576
archi-phon-2006-PSX-1-vowels_0174,190,0.082,ú,5,Olive,174,5867,416,1071,2549,419,1041,2611,421,1085,2622,422,1132,2482,446,1356,2570
archi-phon-2006-PSX-1-vowels_0175,279.2,0.128,ú,5,Olive,175,5333,365,1049,2217,376,1056,2510,335,1143,2467,331,1189,2484,325,1098,2454
archi-phon-2006-PSX-1-vowels_0176,226.4,0.11,ú,5,Olive,176,5867,400,1259,2609,422,1184,2542,464,1194,2545,477,1276,2580,436,1346,3054
archi-phon-2006-PSX-1-vowels_0177,211,0.102,ú,5,Olive,177,6133,403,1270,2877,418,1149,3010,415,1102,2920,404,1132,2659,400,1218,2615
archi-phon-2006-PSX-1-vowels_0178,250.8,0.114,ú,5,Olive,178,5333,385,1346,2677,322,1157,2732,318,1044,2785,284,1311,2230,295,1195,2109
archi-phon-2006-PSX-1-vowels_0179,209.2,0.092,ú,5,Olive,179,5867,428,1291,2676,425,1264,2719,429,1267,2969,432,1287,2750,418,1362,3206
archi-phon-2006-PSX-1-vowels_0180,267,0.138,ó,4,Green,180,5867,473,1565,2825,514,1348,2931,569,1346,2945,576,1506,2868,567,1774,2749
archi-phon-2006-PSX-1-vowels_0181,284.7,0.172,á,3,Purple,181,7200,743,1620,3001,787,1786,3067,867,1850,3018,880,1866,3103,879,2032,2914
archi-phon-2006-PSX-1-vowels_0182,229.3,0.136,ó,4,Green,182,5600,446,1624,2779,458,1432,2789,486,1364,2831,538,1596,2784,505,1768,2674
archi-phon-2006-PSX-1-vowels_0183,171.3,0.148,á,3,Purple,183,7067,684,1465,3053,792,1690,3079,833,1865,3031,817,1927,3007,764,1960,2802
archi-phon-2006-PSX-1-vowels_0184,266.4,0.17,ó,4,Green,184,6533,543,1683,2916,584,1468,2995,621,1429,2954,664,1426,2934,724,1611,2910
archi-phon-2006-PSX-1-vowels_0185,171.4,0.162,í,1,Teal,185,7067,370,2497,3140,357,2619,3336,353,2689,3318,351,2733,3334,366,2674,3221
archi-phon-2006-PSX-1-vowels_0186,278.9,0.178,ó,4,Green,186,5733,470,1590,2922,545,1426,2921,596,1382,3023,630,1439,3019,671,1536,2889
archi-phon-2006-PSX-1-vowels_0187,135.6,0.168,í,1,Teal,187,7200,351,2587,3226,339,2728,3388,334,2778,3452,380,2824,3330,271,2790,3560
archi-phon-2006-PSX-1-vowels_0188,224.5,0.132,í,1,Teal,188,6400,446,2577,3334,448,2616,3341,397,2645,3335,360,2654,3296,381,2582,3173
archi-phon-2006-PSX-1-vowels_0189,255.5,0.084,é,2,Navy,189,5733,494,2227,3099,511,2236,2991,512,2218,2941,512,2203,2885,505,2193,2959
archi-phon-2006-PSX-1-vowels_0190,176.8,0.128,í,1,Teal,190,6133,420,2639,3302,390,2750,3320,379,2773,3308,379,2781,3341,374,2729,3282
archi-phon-2006-PSX-1-vowels_0191,204.2,0.168,í,1,Teal,191,6400,368,2376,2787,369,2674,3420,392,2745,3457,377,2775,3549,316,2827,3575
archi-phon-2006-PSX-1-vowels_0192,170.5,0.266,í,1,Teal,192,6000,352,2487,2977,371,2693,3394,351,2796,3498,348,2783,3578,376,2454,3100
archi-phon-2006-PSX-1-vowels_0193,269.4,0.102,í,1,Teal,193,7200,328,2263,3324,318,2376,3484,338,2457,3714,392,2468,3429,348,2004,2937
archi-phon-2006-PSX-1-vowels_0194,263.4,0.116,í,1,Teal,194,7067,362,2249,3396,321,2420,3493,320,2508,3497,356,2494,3250,356,2140,2749
archi-phon-2006-PSX-1-vowels_0195,245.6,0.236,íˤ,6,Cyan,195,6667,434,2675,3310,428,2720,3328,328,2583,2998,431,2144,2987,624,2042,3027
archi-phon-2006-PSX-1-vowels_0196,153.9,0.154,í,1,Teal,196,5600,457,2788,3248,447,2801,3163,430,2751,3114,422,2587,3084,421,2205,2889
archi-phon-2006-PSX-1-vowels_0197,228.2,0.198,íː,11,Teal,197,6000,425,2720,3163,406,2754,3135,426,2779,3002,416,2729,3158,403,2605,3254
archi-phon-2006-PSX-1-vowels_0198,214.1,0.144,íː,11,Teal,198,6133,409,2788,3123,429,2808,3131,410,2744,3098,406,2750,3075,397,2656,3126
archi-phon-2006-PSX-1-vowels_0199,199.4,0.336,áːˤ,18,Magenta,199,5600,622,2138,2688,806,1834,2596,856,1740,2667,900,1765,2694,916,1738,2642
archi-phon-2006-PSX-1-vowels_0200,0,0.15,áˤ,8,Magenta,200,6000,647,2157,2933,750,1907,2709,843,1951,2747,849,1887,2707,885,1798,2620
archi-phon-2006-PSX-1-vowels_0201,299.8,0.174,íˤ,6,Cyan,201,5200,456,2531,2697,380,2501,2736,353,2286,2672,392,2240,2596,554,1929,2379
archi-phon-2006-PSX-1-vowels_0202,275.5,0.182,íˤ,6,Cyan,202,6000,460,2525,3147,341,2515,3237,327,2502,2964,407,2375,2957,482,2114,2637
archi-phon-2006-PSX-1-vowels_0203,225.9,0.202,éː,12,Navy,203,7200,435,2457,3241,438,2455,3231,473,2501,3317,470,2474,3208,453,2091,2926
archi-phon-2006-PSX-1-vowels_0204,197,0.138,éː,12,Navy,204,7067,440,2403,3106,438,2397,3142,404,2426,3165,392,2403,3114,382,2173,2958
archi-phon-2006-PSX-1-vowels_0205,235.8,0.182,é,2,Navy,205,6667,426,2585,3207,436,2525,3188,474,2503,3132,559,2113,3215,564,1798,3121
archi-phon-2006-PSX-1-vowels_0206,187.7,0.126,é,2,Navy,206,5733,440,2547,3192,412,2512,3148,380,2506,3087,459,2246,3094,1177,1830,3508
archi-phon-2006-PSX-1-vowels_0207,214.7,0.146,é,2,Navy,207,6667,435,2466,3247,448,2477,3178,460,2319,3174,461,1911,3348,485,1942,3342
archi-phon-2006-PSX-1-vowels_0208,188.8,0.106,é,2,Navy,208,7200,457,2427,3276,482,2364,3224,504,2192,3189,512,1967,3252,514,1782,3493
archi-phon-2006-PSX-1-vowels_0209,247.4,0.234,éˤ,7,Blue,209,6000,464,2460,3121,459,2510,3090,470,2415,2910,572,2223,2797,568,2074,2731
archi-phon-2006-PSX-1-vowels_0210,184.8,0.18,éˤ,7,Blue,210,6000,487,2473,3017,460,2503,2949,425,2455,2964,400,2268,2905,471,2004,2927
archi-phon-2006-PSX-1-vowels_0211,208.8,0.106,é,2,Navy,211,6533,434,2330,3132,513,2290,3117,552,2257,3129,558,2227,3040,589,2399,3111
archi-phon-2006-PSX-1-vowels_0212,193.2,0.094,é,2,Navy,212,6400,467,2371,3133,511,2310,3112,536,2307,3050,465,2282,2979,647,2317,2895
archi-phon-2006-PSX-1-vowels_0213,272.9,0.156,éˤ,7,Blue,213,5600,642,2063,2741,623,2056,2704,565,1952,2671,496,2069,2955,560,2113,3281
archi-phon-2006-PSX-1-vowels_0214,226.7,0.178,éˤ,7,Blue,214,6933,609,2111,2693,531,2098,2696,501,2068,2739,448,2098,3022,449,2169,3263
archi-phon-2006-PSX-1-vowels_0215,260.8,0.272,éˤ,7,Blue,215,6000,596,2145,3059,534,2245,2934,564,2264,2919,569,2312,2870,576,2353,2840
archi-phon-2006-PSX-1-vowels_0216,180.5,0.162,éˤ,7,Blue,216,6800,608,2161,3161,501,2265,3254,488,2310,3300,479,2426,3279,435,2471,3286
archi-phon-2006-PSX-1-vowels_0217,248.8,0.246,éˤ,7,Blue,217,5733,662,2259,2852,753,2252,2880,661,2262,2906,600,2186,2804,530,2256,2518
archi-phon-2006-PSX-1-vowels_0218,224,0.176,é,2,Navy,218,5867,602,2310,3001,507,2326,2993,468,2294,2988,462,2229,2995,447,2162,3140
archi-phon-2006-PSX-1-vowels_0219,275.3,0.448,áːˤ,18,Magenta,219,5867,734,1841,2551,919,1759,2422,1006,1715,2393,897,1729,2556,856,1722,2516
archi-phon-2006-PSX-1-vowels_0220,189.6,0.41,áːˤ,18,Magenta,220,5867,858,1702,2551,907,1678,2461,837,1698,2600,901,1648,2595,905,1547,2473
archi-phon-2006-PSX-1-vowels_0221,246.8,0.342,éˤ,7,Blue,221,5867,672,2183,2613,602,2163,2477,671,2139,2516,770,2100,2611,792,2131,2659
archi-phon-2006-PSX-1-vowels_0222,184.2,0.236,éˤ,7,Blue,222,5733,458,2197,2688,531,2319,2855,523,2391,2821,538,2473,2912,469,2444,2954
archi-phon-2006-PSX-1-vowels_0223,220,0.39,éˤ,7,Blue,223,5600,651,2122,2930,632,2114,2554,713,2096,2740,773,2059,2494,602,2156,2654
archi-phon-2006-PSX-1-vowels_0224,186.1,0.286,éˤ,7,Blue,224,5600,560,2177,2812,521,2224,2773,491,2287,2825,462,2421,2806,493,2429,3003
archi-phon-2006-PSX-1-vowels_0225,254.5,0.156,é,2,Navy,225,5733,500,1897,2709,595,2140,2704,529,2202,2714,544,2171,2551,544,2213,2601
archi-phon-2006-PSX-1-vowels_0226,220.8,0.174,é,2,Navy,226,6800,458,1910,2694,448,2209,2740,433,2266,2773,444,2265,2662,442,2293,2707
archi-phon-2006-PSX-1-vowels_0227,203.8,0.242,á,3,Purple,227,7200,881,1826,3166,1025,1839,3237,1021,1759,3203,939,1796,3132,756,1792,3093
archi-phon-2006-PSX-1-vowels_0228,174.5,0.21,á,3,Purple,228,6800,929,1777,3273,889,1769,3266,830,1737,3187,779,1788,3150,623,1635,2956
archi-phon-2006-PSX-1-vowels_0229,243.7,0.278,áˤ,8,Magenta,229,7200,784,1930,3138,750,1878,3031,751,1859,2948,593,2150,2633,596,2124,2643
archi-phon-2006-PSX-1-vowels_0230,175.3,0.162,á,3,Purple,230,6800,711,1800,3029,747,1789,3031,754,1763,3035,669,1932,3056,511,2086,2775
archi-phon-2006-PSX-1-vowels_0231,256.3,0.226,á,3,Purple,231,6267,784,1749,3060,756,1735,3094,893,1769,3066,1008,1771,3194,871,1731,3099
archi-phon-2006-PSX-1-vowels_0232,186.5,0.216,á,3,Purple,232,6800,952,1664,3392,937,1691,3391,752,1677,3440,870,1670,3362,726,1658,3315
archi-phon-2006-PSX-1-vowels_0233,235.2,0.176,á,3,Purple,233,6400,672,1678,2951,834,1799,2977,870,1797,2935,862,1869,2926,832,1876,2805
archi-phon-2006-PSX-1-vowels_0234,175.2,0.138,á,3,Purple,234,7200,762,1687,3029,798,1755,3045,793,1735,3113,800,1706,3164,785,1668,3220
archi-phon-2006-PSX-1-vowels_0235,251,0.238,á,3,Purple,235,5600,634,1868,2423,846,1879,2995,828,1830,2932,880,1814,2776,785,1794,2086
archi-phon-2006-PSX-1-vowels_0236,170.4,0.16,á,3,Purple,236,6533,635,1943,3247,728,1875,3244,793,1810,3123,765,1844,3088,744,1958,3090
archi-phon-2006-PSX-1-vowels_0237,216.9,0.166,á,3,Purple,237,6133,890,1880,3069,922,1881,3055,882,1946,3235,836,1962,3246,635,1957,3395
archi-phon-2006-PSX-1-vowels_0238,214.8,0.246,áː,13,Purple,238,7067,827,1820,3072,836,1860,3247,870,1797,3318,869,1886,3129,655,1940,3223
archi-phon-2006-PSX-1-vowels_0239,231.1,0.296,áˤ,8,Magenta,239,6533,842,1788,2740,812,1676,2678,944,1676,2794,849,1722,2717,830,1761,2510
archi-phon-2006-PSX-1-vowels_0240,176.8,0.178,áˤ,8,Magenta,240,6400,785,1583,2425,773,1541,2543,802,1591,2626,817,1558,2829,758,1580,2697
archi-phon-2006-PSX-1-vowels_0241,191.6,0.108,áˤ,8,Magenta,241,5733,750,1674,2451,799,1741,2654,788,1832,2647,815,1848,2733,813,1914,2806
archi-phon-2006-PSX-1-vowels_0242,157.2,0.112,áˤ,8,Magenta,242,6533,687,1624,2393,741,1635,2511,739,1651,2535,732,1635,2621,731,1841,2908
archi-phon-2006-PSX-1-vowels_0243,194.8,0.256,áːˤ,18,Magenta,243,6000,720,1895,2677,793,1847,2637,813,1774,2621,820,1821,2694,804,1723,2730
archi-phon-2006-PSX-1-vowels_0244,176.4,0.262,áːˤ,18,Magenta,244,6933,683,1903,2741,797,1809,2668,886,1727,2751,894,1646,2773,875,1616,2923
archi-phon-2006-PSX-1-vowels_0245,204.5,0.194,ó,4,Green,245,6000,403,802,3263,421,876,3183,455,1025,3105,506,1416,2933,431,1736,2890
archi-phon-2006-PSX-1-vowels_0246,264.1,0.158,ó,4,Green,246,7200,504,1634,3309,517,1519,3116,553,1388,3175,825,1492,3272,397,1468,3539
archi-phon-2006-PSX-1-vowels_0247,178.4,0.122,ó,4,Green,247,6533,470,1474,3110,500,1220,3074,440,1226,3038,435,1264,3027,546,1302,3332
archi-phon-2006-PSX-1-vowels_0248,262.6,0.232,íˤ,6,Cyan,248,5867,393,2269,2559,323,2342,2863,419,2459,2973,379,2463,3050,397,2305,3032
archi-phon-2006-PSX-1-vowels_0249,177.8,0.214,íˤ,6,Cyan,249,6267,453,2200,2479,391,2316,2892,359,2444,2855,342,2660,2980,329,2716,3444
archi-phon-2006-PSX-1-vowels_0250,246.7,0.282,áˤ,8,Magenta,250,5867,680,1678,2391,719,1728,2312,742,1729,2332,734,1758,2285,742,1897,2256
archi-phon-2006-PSX-1-vowels_0251,236.3,0.29,áˤ,8,Magenta,251,5600,628,1736,2470,683,1753,2416,731,1758,2371,772,1782,2420,720,1777,2312
archi-phon-2006-PSX-1-vowels_0252,270.7,0.208,óˤ,9,Lime,252,5333,448,1467,2556,569,1368,2529,755,1354,2348,617,1453,2277,457,1542,2251
archi-phon-2006-PSX-1-vowels_0253,193.3,0.198,óˤ,9,Lime,253,5333,549,1451,2285,643,1247,2314,666,817,2062,548,1187,2069,538,1651,2088
archi-phon-2006-PSX-1-vowels_0254,253.5,0.226,óˤ,9,Lime,254,5600,687,1343,2120,690,1320,2341,691,1292,2653,777,1368,2609,768,1764,2478
archi-phon-2006-PSX-1-vowels_0255,178.1,0.178,óˤ,9,Lime,255,5467,633,1291,2079,606,1214,2296,659,1224,2464,733,1421,2654,718,1587,2429
archi-phon-2006-PSX-1-vowels_0256,253.7,0.23,óˤ,9,Lime,256,6933,560,1443,2251,577,1380,2279,656,1394,2304,758,1409,2385,642,1725,2512
archi-phon-2006-PSX-1-vowels_0257,178.2,0.214,óˤ,9,Lime,257,5467,615,1305,2239,641,1310,2259,620,1280,2298,638,1335,2547,693,1476,2641
archi-phon-2006-PSX-1-vowels_0258,202.3,0.204,á,3,Purple,258,6667,927,1897,2482,956,1832,2381,998,1765,2390,899,1727,2421,747,1667,2418
archi-phon-2006-PSX-1-vowels_0259,196,0.156,á,3,Purple,259,6533,865,1793,2468,848,1777,2427,870,1740,2501,775,1708,2483,713,1527,2466
archi-phon-2006-PSX-1-vowels_0260,287.1,0.198,óˤ,9,Lime,260,6533,457,1257,2364,669,1302,2350,866,1237,2388,608,1306,2374,505,1309,2384
archi-phon-2006-PSX-1-vowels_0261,240.9,0.064,óˤ,9,Lime,261,6267,449,1290,2518,469,1130,2358,554,1145,2523,623,1114,2552,665,1090,2563
archi-phon-2006-PSX-1-vowels_0262,154,0.124,óˤ,9,Lime,262,7067,537,1158,2448,528,1168,2513,573,1307,2548,573,1465,2570,591,1651,2555
archi-phon-2006-PSX-1-vowels_0263,260.8,0.156,óˤ,9,Lime,263,5600,487,1239,2227,545,1288,2271,617,1342,2238,703,1431,2225,710,1725,2508
archi-phon-2006-PSX-1-vowels_0264,163.8,0.184,óˤ,9,Lime,264,5200,481,1062,1827,622,1159,2024,632,1179,2072,524,1224,2102,395,1187,2094
archi-phon-2006-PSX-1-vowels_0265,265.4,0.266,á,3,Purple,265,6400,779,1813,3064,818,1826,3117,815,1863,3108,803,2010,3027,653,2210,2913
archi-phon-2006-PSX-1-vowels_0266,177.6,0.166,á,3,Purple,266,5867,866,1749,3141,862,1800,3139,875,1864,3156,896,1960,3095,610,2113,2959
archi-phon-2006-PSX-1-vowels_0267,266,0.2,á,3,Purple,267,6133,1033,1784,3032,879,1823,3111,824,1869,3175,1075,1833,3178,817,1798,3110
archi-phon-2006-PSX-1-vowels_0268,197,0.174,á,3,Purple,268,6667,929,1650,3454,891,1605,3548,656,1557,3379,638,1563,3395,488,1574,3323
archi-phon-2006-PSX-1-vowels_0269,208.9,0.29,áː,13,Purple,269,7200,875,1655,3021,810,1665,3060,871,1674,3128,945,1683,3201,779,1546,2914
archi-phon-2006-PSX-1-vowels_0270,190.3,0.2,á,3,Purple,270,7200,1033,1671,3236,1047,1681,3255,1020,1658,3348,869,1688,3365,737,1674,3507
archi-phon-2006-PSX-1-vowels_0271,295.7,0.07,ú,5,Olive,271,6133,349,867,3131,378,842,3075,394,854,3054,338,1112,2683,304,1260,2539
archi-phon-2006-PSX-1-vowels_0272,267,0.066,ú,5,Olive,272,5867,313,945,2497,332,1003,2615,333,1076,2410,323,1102,2427,349,1220,2593
archi-phon-2006-PSX-1-vowels_0273,253.4,0.236,ú,5,Olive,273,6133,445,1546,2943,495,1364,2998,486,1005,3179,491,772,3121,516,784,3231
archi-phon-2006-PSX-1-vowels_0274,201.6,0.11,ú,5,Olive,274,6400,449,1121,2924,452,1229,2986,522,1284,3108,600,1167,3245,479,1045,3403
archi-phon-2006-PSX-1-vowels_0275,249.7,0.222,úˤ,10,Maroon,275,5333,456,1254,2217,558,1186,2514,749,1172,2491,430,1291,2431,517,1489,2310
archi-phon-2006-PSX-1-vowels_0276,217.4,0.086,ú,5,Olive,276,6000,448,1133,2205,440,1073,2283,439,1065,2440,453,1090,3006,530,1082,2822
archi-phon-2006-PSX-1-vowels_0277,177.8,0.164,ú,5,Olive,277,5333,512,1056,2997,403,1069,3068,599,1090,2971,610,1194,2903,564,1428,2548
archi-phon-2006-PSX-1-vowels_0278,270.6,0.17,ú,5,Olive,278,5333,478,1330,2707,507,1095,2886,446,1057,2985,374,1161,2825,340,1395,2829
archi-phon-2006-PSX-2-stops_0001,245,0.222,ó,4,Green,279,5733,467,1085,2888,461,1015,2979,462,1043,3073,546,1372,3040,566,1554,2911
archi-phon-2006-PSX-2-stops_0002,165.2,0.162,ó,4,Green,280,5600,391,1170,2873,421,1088,3021,396,923,3081,433,1075,2977,409,1475,2606
archi-phon-2006-PSX-2-stops_0003,0,0.066,í,1,Teal,281,5200,322,2310,3069,386,2415,3068,378,2387,2982,341,2302,2794,307,2200,2694
archi-phon-2006-PSX-2-stops_0004,204.6,0.19,ó,4,Green,282,6133,456,1630,3054,500,1321,2724,613,1372,2812,457,1240,2784,403,1189,2756
archi-phon-2006-PSX-2-stops_0005,205,0.142,ó,4,Green,283,6133,447,1685,3053,438,1492,2890,537,1413,2888,473,1274,2901,401,1327,2833
archi-phon-2006-PSX-2-stops_0006,237.9,0.156,á,3,Purple,284,7067,560,1995,3172,637,1932,3234,764,1811,3144,802,1795,3015,808,1701,2925
archi-phon-2006-PSX-2-stops_0007,184.6,0.162,á,3,Purple,285,6267,577,2000,3114,899,1921,3107,942,1803,3221,899,1612,3159,843,1465,3201
archi-phon-2006-PSX-2-stops_0008,248.9,0.114,í,1,Teal,286,6000,363,2161,2838,459,2337,3115,467,2430,3112,458,2586,3090,408,2499,3158
archi-phon-2006-PSX-2-stops_0009,284.6,0.17,ó,4,Green,287,5867,473,1441,2868,657,1367,3021,571,1269,2938,576,1283,3045,366,1275,3066
archi-phon-2006-PSX-2-stops_0010,295.5,0.132,í,1,Teal,288,6400,446,2068,3043,582,2355,3358,422,2541,3207,385,2529,3284,343,2399,3322
archi-phon-2006-PSX-2-stops_0011,170.3,0.134,ó,4,Green,289,5200,417,1467,2384,498,1366,2815,472,1302,2786,439,1293,2671,422,1359,2752
archi-phon-2006-PSX-2-stops_0012,229,0.17,á,3,Purple,290,5600,869,1789,2899,918,1716,2852,922,1755,2817,770,1709,2496,840,1631,2822
archi-phon-2006-PSX-2-stops_0013,218.4,0.166,á,3,Purple,291,6000,907,1726,3147,939,1730,3224,1006,1716,3082,911,1745,3107,698,1656,3053
archi-phon-2006-PSX-2-stops_0014,210.3,0.416,áːˤ,18,Magenta,292,5600,613,1905,2471,763,1861,2487,803,1847,2525,806,1721,2567,780,1695,2467
archi-phon-2006-PSX-2-stops_0015,175.1,0.31,áˤ,8,Magenta,293,6267,629,1793,2422,739,1711,2519,755,1744,2624,773,1755,2707,812,1708,2847
archi-phon-2006-PSX-2-stops_0016,289.8,0.214,í,1,Teal,294,6533,410,2366,3308,359,2536,3580,309,2482,3505,367,2406,3175,373,2163,2562
archi-phon-2006-PSX-2-stops_0017,205.1,0.092,í,1,Teal,295,6667,411,2445,3257,414,2463,3466,417,2493,3517,416,2531,3324,415,2421,3096
archi-phon-2006-PSX-2-stops_0018,265.9,0.158,í,1,Teal,296,5867,424,2528,3331,384,2536,3445,380,2599,3515,320,2516,3269,443,2057,2739
archi-phon-2006-PSX-2-stops_0019,198.8,0.108,í,1,Teal,297,5867,385,2457,3298,392,2469,3319,405,2442,3176,411,2312,2860,392,2290,2749
archi-phon-2006-PSX-2-stops_0020,239.2,0.132,í,1,Teal,298,7200,417,2550,3421,393,2585,3553,405,2642,3606,400,2650,3426,449,2315,2918
archi-phon-2006-PSX-2-stops_0021,221,0.09,í,1,Teal,299,7200,397,2567,3564,421,2544,3404,438,2535,3287,453,2439,2881,466,2178,2699
archi-phon-2006-PSX-2-stops_0022,203.4,0.17,é,2,Navy,300,6533,426,2301,2850,407,2437,3041,417,2422,3121,485,2416,3124,518,2313,3113
archi-phon-2006-PSX-2-stops_0023,181.8,0.126,é,2,Navy,301,5733,392,2160,2762,387,2368,2955,431,2445,3260,423,2387,3041,437,2347,3111
archi-phon-2006-PSX-2-stops_0024,242.7,0.192,á,3,Purple,302,6000,670,1813,2866,880,1861,2894,990,1852,3173,1049,1794,3105,1138,1697,3052
archi-phon-2006-PSX-2-stops_0025,87.1,0.076,á,3,Purple,303,6533,597,1637,2970,678,1635,3002,707,1730,3035,676,1816,3058,606,1791,3156
archi-phon-2006-PSX-2-stops_0026,183.7,0.1,á,3,Purple,304,6400,684,1724,2892,812,1823,3006,741,1776,2902,722,1723,2917,756,1776,3047
archi-phon-2006-PSX-2-stops_0027,139.1,0.084,á,3,Purple,305,6933,611,1407,2789,696,1561,2835,747,1660,2839,812,1722,2779,821,1908,2756
archi-phon-2006-PSX-2-stops_0028,159.2,0.106,á,3,Purple,306,5333,645,1802,2790,707,1800,2786,892,1850,2766,836,1789,2706,883,1903,2578
archi-phon-2006-PSX-2-stops_0029,169.4,0.102,í,1,Teal,307,6800,515,2077,2941,486,2308,2953,405,2433,2930,385,2471,3034,371,2297,2915
archi-phon-2006-PSX-2-stops_0030,256.2,0.248,áːˤ,18,Magenta,308,6133,771,1892,2531,756,1906,2613,995,1813,2860,1054,1833,2873,903,1781,2542
archi-phon-2006-PSX-2-stops_0031,192.3,0.192,áˤ,8,Magenta,309,5867,960,1852,2650,831,1678,2643,918,1673,2786,983,1674,2798,827,1745,2547
archi-phon-2006-PSX-2-stops_0032,246.8,0.19,éˤ,7,Blue,310,6400,432,2261,2838,517,2132,2955,535,2173,2932,538,2140,2837,523,2090,2897
archi-phon-2006-PSX-2-stops_0033,186.2,0.148,éˤ,7,Blue,311,5467,450,2154,2765,514,2242,2859,446,2271,2934,452,2314,3173,371,2264,3221
archi-phon-2006-PSX-2-stops_0034,261.4,0.17,éˤ,7,Blue,312,5733,430,2308,2882,525,2227,2878,563,2213,2734,601,2166,2864,617,2210,2724
archi-phon-2006-PSX-2-stops_0035,196.6,0.13,éˤ,7,Blue,313,5467,456,2173,2688,459,2215,2731,520,2293,2841,504,2321,3051,490,2285,3219
archi-phon-2006-PSX-2-stops_0036,266.1,0.15,í,1,Teal,314,7200,438,2610,3403,341,2707,3523,356,2760,3527,362,2683,3552,394,2517,3559
archi-phon-2006-PSX-2-stops_0037,221.2,0.126,í,1,Teal,315,6533,430,2535,3316,430,2643,3271,430,2672,3320,427,2669,3321,406,2605,3244
archi-phon-2006-PSX-2-stops_0038,219.2,0.272,á,3,Purple,316,6667,941,1818,3101,870,1740,3074,866,1754,3172,981,1763,3275,861,1680,3232
archi-phon-2006-PSX-2-stops_0039,181.1,0.2,á,3,Purple,317,6133,931,1719,3056,944,1670,3011,882,1635,3121,824,1671,3048,796,1592,2992
archi-phon-2006-PSX-2-stops_0040,214.9,0.104,é,2,Navy,318,6667,434,2385,3106,441,2370,3126,445,2351,3077,462,2173,2906,423,2017,2813
archi-phon-2006-PSX-2-stops_0041,193,0.076,é,2,Navy,319,7200,409,2467,3315,408,2390,3204,427,2255,3101,400,2214,2954,402,2131,3053
archi-phon-2006-PSX-2-stops_0042,284.5,0.092,é,2,Navy,320,6133,383,2347,2963,539,2227,3039,691,2201,3124,758,2045,3220,655,2053,3248
archi-phon-2006-PSX-2-stops_0043,251.6,0.172,áːˤ,18,Magenta,321,5600,848,1843,2613,871,1813,2711,857,1771,2690,819,1767,2713,742,1734,2658
archi-phon-2006-PSX-2-stops_0044,203.6,0.112,áˤ,8,Magenta,322,6933,716,1527,2569,786,1658,2708,738,1633,2841,768,1798,2837,795,1822,2855
archi-phon-2006-PSX-2-stops_0045,211.7,0.204,áːˤ,18,Magenta,323,5867,840,1816,2573,975,1740,2573,990,1719,2768,967,1741,2603,752,1730,2631
archi-phon-2006-PSX-2-stops_0046,191.5,0.17,áˤ,8,Magenta,324,7067,797,1871,2800,874,1812,2942,889,1685,2845,789,1775,2888,694,1786,2858
archi-phon-2006-PSX-2-stops_0047,230.7,0.232,áˤ,8,Magenta,325,6933,737,1936,2829,888,1796,2503,899,1729,2431,924,1669,2516,823,1627,2302
archi-phon-2006-PSX-2-stops_0048,86.5,0.164,áˤ,8,Magenta,326,5600,843,1769,2473,956,1720,2464,896,1599,2446,902,1624,2459,738,1571,2381
archi-phon-2006-PSX-2-stops_0049,232.5,0.134,á,3,Purple,327,6133,653,2106,3139,751,1926,2896,854,1824,2920,786,1817,2944,735,1693,2833
archi-phon-2006-PSX-2-stops_0050,190,0.094,á,3,Purple,328,7067,588,2135,3316,692,2116,3327,734,2044,3262,725,1817,3075,715,1797,3012
archi-phon-2006-PSX-2-stops_0051,248.2,0.108,í,1,Teal,329,5200,382,2514,3015,438,2665,2737,427,2715,2830,435,2420,2895,427,2321,2802
archi-phon-2006-PSX-2-stops_0052,219.1,0.108,í,1,Teal,330,5467,386,2585,2852,432,2591,2961,406,2506,2934,411,2186,2780,402,2117,2676
archi-phon-2006-PSX-2-stops_0053,221.6,0.206,áˤ,8,Magenta,331,7067,688,1711,2243,794,1681,2421,868,1709,2471,890,1739,2622,714,1724,2887
archi-phon-2006-PSX-2-stops_0054,173.1,0.18,áˤ,8,Magenta,332,7200,683,1661,2402,761,1783,2541,769,1814,2645,810,1891,2964,716,1940,3425
archi-phon-2006-PSX-2-stops_0055,207.6,0.216,á,3,Purple,333,7200,654,2000,3127,794,1910,3015,819,1761,2969,802,1711,3055,732,1589,3057
archi-phon-2006-PSX-2-stops_0056,172.3,0.186,á,3,Purple,334,5733,619,2007,2912,786,1884,2920,797,1662,2892,789,1658,2932,694,1550,2922
archi-phon-2006-PSX-2-stops_0057,247.8,0.294,ó,4,Green,335,5867,442,1623,2832,535,1279,3002,556,1288,3085,614,1388,3024,669,1388,3020
archi-phon-2006-PSX-2-stops_0058,183.2,0.196,ó,4,Green,336,6133,438,1680,2834,443,1388,2790,487,1184,2985,495,1085,2970,545,1136,2891
archi-phon-2006-PSX-2-stops_0059,231.3,0.192,á,3,Purple,337,6533,682,1625,2983,765,1744,3042,860,1840,2985,759,1867,2990,658,1889,3131
archi-phon-2006-PSX-2-stops_0060,184,0.116,á,3,Purple,338,5467,615,1716,2794,626,1820,2837,610,1866,2814,622,1857,2872,460,1824,2905
archi-phon-2006-PSX-2-stops_0061,218.3,0.158,ú,5,Olive,339,6000,418,796,2547,424,902,3164,431,958,3002,424,1322,2866,408,1658,2882
archi-phon-2006-PSX-2-stops_0062,199.7,0.152,ú,5,Olive,340,6933,397,670,3289,421,871,3324,407,914,3180,416,934,3128,393,1714,3534
archi-phon-2006-PSX-2-stops_0063,209,0.16,ó,4,Green,341,5600,478,1291,2926,491,1227,2948,529,1185,3011,595,1230,2988,614,1468,2866
archi-phon-2006-PSX-2-stops_0064,180.7,0.104,ó,4,Green,342,6133,456,1451,2981,515,1187,2903,485,1069,2964,485,1087,2958,537,1189,2993
archi-phon-2006-PSX-2-stops_0065,260.4,0.216,ó,4,Green,343,5600,443,1504,2869,520,1194,2861,593,1237,2870,616,1545,2752,603,1842,2700
archi-phon-2006-PSX-2-stops_0066,184.8,0.116,ó,4,Green,344,5600,454,1493,2827,557,1267,2760,516,1279,2728,484,1326,2690,460,1578,2614
archi-phon-2006-PSX-2-stops_0067,271.5,0.14,ú,5,Olive,345,5733,421,1766,2725,468,1467,2868,501,1337,2999,397,1486,3062,412,1657,3040
archi-phon-2006-PSX-2-stops_0068,200.5,0.102,ú,5,Olive,346,5333,347,1855,2731,434,1739,2680,389,1671,2784,371,1730,2859,392,1824,2849
archi-phon-2006-PSX-2-stops_0069,281.3,0.152,é,2,Navy,347,5600,658,2104,2524,691,2120,2516,728,2176,2658,629,2199,2703,636,2089,2657
archi-phon-2006-PSX-2-stops_0070,209.9,0.118,é,2,Navy,348,5333,506,2140,2571,500,2138,2623,578,2156,2687,455,2174,2711,435,2134,2731
archi-phon-2006-PSX-2-stops_0071,269.5,0.242,á,3,Purple,349,7067,770,1390,2925,852,1638,2983,976,1787,3109,1055,1956,3339,872,2071,3529
archi-phon-2006-PSX-2-stops_0072,247.4,0.2,á,3,Purple,350,6133,455,1396,3011,759,1462,3005,793,1616,3107,851,1837,3169,931,1933,3319
archi-phon-2006-PSX-2-stops_0073,260.2,0.216,é,2,Navy,351,6667,501,2403,2917,498,2564,3135,600,2515,3213,683,2424,3223,585,2345,3207
archi-phon-2006-PSX-2-stops_0074,193.5,0.144,é,2,Navy,352,7067,459,2496,3317,489,2455,3258,443,2440,3150,399,2439,3152,405,2293,2947
archi-phon-2006-PSX-2-stops_0075,249.2,0.218,ó,4,Green,353,6400,599,1355,2795,492,1226,2907,577,1148,2962,636,1355,2958,615,1751,2796
archi-phon-2006-PSX-2-stops_0076,153.6,0.172,ó,4,Green,354,6133,548,1421,3060,580,1254,2727,497,1180,2752,458,1341,2718,425,1577,2652
archi-phon-2006-PSX-2-stops_0077,260.3,0.226,á,3,Purple,355,6267,802,1817,2974,772,1845,3246,1019,1861,3334,1096,1943,3326,795,1993,3189
archi-phon-2006-PSX-2-stops_0078,188.9,0.17,á,3,Purple,356,7067,776,1804,3179,1076,1843,3487,1339,1846,3531,1139,1980,3521,596,1898,3596
archi-phon-2006-PSX-2-stops_0079,252,0.32,éˤ,7,Blue,357,5733,577,2101,2627,649,2153,2636,673,2175,2630,643,2257,2500,697,2288,2701
archi-phon-2006-PSX-2-stops_0080,184.4,0.244,éˤ,7,Blue,358,5333,546,2144,2616,590,2209,2594,486,2308,2666,481,2307,2699,373,2326,2791
archi-phon-2006-PSX-2-stops_0081,253.6,0.29,í,1,Teal,359,6400,303,2614,3151,343,2777,3268,365,2642,3420,431,2668,3456,437,2683,3606
archi-phon-2006-PSX-2-stops_0082,188.2,0.168,í,1,Teal,360,5733,308,2595,3147,402,2697,3157,395,2713,3187,363,2767,3349,394,2785,3305
archi-phon-2006-PSX-2-stops_0083,233.7,0.224,á,3,Purple,361,5867,826,1805,2961,824,1842,3065,852,1908,2975,746,1922,2996,886,1885,3131
archi-phon-2006-PSX-2-stops_0084,169.5,0.15,á,3,Purple,362,6667,875,1788,3210,762,1842,3171,844,1905,3192,710,1838,3246,812,1806,3418
archi-phon-2006-PSX-2-stops_0085,207.3,0.198,á,3,Purple,363,6933,863,1706,3064,904,1739,3073,916,1807,3089,909,1794,3072,738,1716,3002
archi-phon-2006-PSX-2-stops_0086,191.9,0.152,á,3,Purple,364,5867,842,1756,3049,831,1794,3072,878,1832,3148,783,1814,3095,786,1757,3126
archi-phon-2006-PSX-2-stops_0087,226.3,0.258,ó,4,Green,365,5600,435,1030,2904,530,1015,3043,507,1079,3001,639,1348,2819,647,1542,2537
archi-phon-2006-PSX-2-stops_0088,188.8,0.202,ó,4,Green,366,5467,406,989,2803,398,848,2970,384,925,2990,386,1043,2500,438,1261,2398
archi-phon-2006-PSX-2-stops_0089,209.6,0.274,ó,4,Green,367,6667,473,1189,3007,487,1209,3062,509,1268,3071,588,1250,3091,577,1232,3065
archi-phon-2006-PSX-2-stops_0090,178.4,0.172,ó,4,Green,368,6400,424,1257,2730,438,1152,2816,491,1071,2850,516,1110,2816,640,1199,2858
archi-phon-2006-PSX-2-stops_0091,187.3,0.224,áˤ,8,Magenta,369,6133,487,2031,2361,691,1820,2343,749,1742,2302,755,1668,2258,744,1590,2266
archi-phon-2006-PSX-2-stops_0092,169,0.196,áˤ,8,Magenta,370,6133,497,1984,2346,681,1804,2350,755,1695,2304,773,1669,2408,731,1609,2379
archi-phon-2006-PSX-2-stops_0093,219.8,0.15,á,3,Purple,371,5467,612,1121,2882,672,1550,2799,793,1751,2772,768,1828,2827,693,1854,2829
archi-phon-2006-PSX-2-stops_0094,180,0.15,á,3,Purple,372,6267,594,1264,2856,765,1542,2827,773,1730,2841,780,1967,2987,765,2015,3111
archi-phon-2006-PSX-2-stops_0095,260.2,0.238,á,3,Purple,373,7200,451,1021,3017,680,1394,2916,747,1732,2987,813,2010,3120,646,2152,3354
archi-phon-2006-PSX-2-stops_0096,191.5,0.19,á,3,Purple,374,6533,594,1079,2889,737,1431,2755,765,1672,2934,773,1860,2922,794,2051,3133
archi-phon-2006-PSX-2-stops_0097,253.4,0.268,é,2,Navy,375,6533,481,2107,2920,487,2195,3005,538,2203,2895,562,2204,2637,547,1869,2591
archi-phon-2006-PSX-2-stops_0098,203.5,0.164,é,2,Navy,376,6800,438,2132,3121,439,2251,3160,492,2317,3169,413,2373,2906,378,2214,2851
archi-phon-2006-PSX-2-stops_0099,260.1,0.25,ú,5,Olive,377,7200,304,874,3312,315,895,3338,375,915,3431,420,829,3507,446,893,3479
archi-phon-2006-PSX-2-stops_0100,204.9,0.182,ú,5,Olive,378,6000,430,1147,2594,446,1065,3147,409,890,3205,392,821,3165,427,856,3159
archi-phon-2006-PSX-2-stops_0101,261.4,0.24,ú,5,Olive,379,5333,321,924,2130,302,897,2262,381,887,1871,385,804,1744,412,830,1929
archi-phon-2006-PSX-2-stops_0102,261.2,0.182,ú,5,Olive,380,6800,331,1019,2852,342,925,3197,364,955,3280,445,830,3413,447,888,3206
archi-phon-2006-PSX-2-stops_0103,161.3,0.12,ú,5,Olive,381,5333,414,987,2317,367,939,2425,361,794,2419,405,783,2433,382,827,2470
archi-phon-2006-PSX-2-stops_0104,286.3,0.18,ó,4,Green,382,7067,478,1385,3189,553,1260,3026,575,1230,2977,547,1236,2969,419,1160,3005
archi-phon-2006-PSX-2-stops_0105,229.2,0.096,ó,4,Green,383,5333,475,1785,2556,473,1478,2672,477,1317,2725,447,1140,2773,481,1109,2850
archi-phon-2006-PSX-2-stops_0106,209.1,0.102,é,2,Navy,384,6000,436,2407,3018,433,2425,2993,413,2430,3032,421,2490,3126,430,2559,3184
archi-phon-2006-PSX-2-stops_0107,218.2,0.252,íː,11,Teal,385,5867,419,2738,3232,409,2708,3277,396,2722,3276,399,2799,3249,398,2815,3073
archi-phon-2006-PSX-2-stops_0108,239.6,0.156,áˤ,8,Magenta,386,6267,827,1766,2520,882,1793,2798,890,1784,2807,874,1887,3000,830,1865,2917
archi-phon-2006-PSX-2-stops_0109,189.4,0.156,áˤ,8,Magenta,387,6667,897,1737,2409,919,1748,2714,928,1718,2699,1018,1785,2849,844,1696,2855
archi-phon-2006-PSX-2-stops_0110,273.1,0.278,á,3,Purple,388,5733,542,1189,2671,901,1578,3170,1087,1658,3084,1125,1887,2952,818,2014,2474
archi-phon-2006-PSX-2-stops_0111,208.6,0.168,á,3,Purple,389,5200,544,1024,2041,613,1353,2137,651,1541,1917,506,1581,1943,496,1573,1991
archi-phon-2006-PSX-2-stops_0112,170.8,0.144,á,3,Purple,390,6667,715,1347,2927,930,1456,2977,857,1522,2992,578,1507,3013,546,1437,2898
archi-phon-2006-PSX-2-stops_0113,275.6,0.172,í,1,Teal,391,6800,294,2403,2787,298,2468,2926,346,2553,3016,385,2686,3057,384,2525,3410
archi-phon-2006-PSX-2-stops_0114,287.7,0.184,í,1,Teal,392,6133,324,1879,3037,317,2183,2863,312,2630,2929,300,2432,3143,436,2550,3158
archi-phon-2006-PSX-2-stops_0115,215.6,0.12,í,1,Teal,393,5867,433,1558,3207,452,2011,3088,446,2277,3006,406,2466,3052,378,2433,3126
archi-phon-2006-PSX-2-stops_0116,196.7,0.146,á,3,Purple,394,6400,782,1769,3143,793,1640,2808,665,1509,2869,786,1560,2856,866,1573,2851
archi-phon-2006-PSX-2-stops_0117,184.7,0.144,á,3,Purple,395,5600,952,1705,3022,872,1688,2844,796,1576,2895,715,1504,2922,816,1575,2906
archi-phon-2006-PSX-2-stops_0118,229.9,0.244,á,3,Purple,396,5867,634,1709,2898,896,1756,2988,865,1705,3039,863,1772,2927,694,1770,2914
archi-phon-2006-PSX-2-stops_0119,223.8,0.308,á,3,Purple,397,6000,777,1744,2887,841,1719,3105,929,1732,3120,888,1698,3078,803,1700,3038
archi-phon-2006-PSX-2-stops_0120,215.5,0.178,ó,4,Green,398,5733,534,1256,3041,437,934,3029,434,947,3023,430,903,3041,436,897,3072
archi-phon-2006-PSX-2-stops_0121,202.7,0.214,ó,4,Green,399,5467,1176,2188,3127,514,1153,3081,490,1057,3085,457,979,3109,451,929,3103
archi-phon-2006-PSX-2-stops_0122,206.2,0.24,á,3,Purple,400,6400,814,1770,3067,811,1754,3051,795,1784,3088,776,1861,3025,692,1892,3085
archi-phon-2006-PSX-2-stops_0123,180.1,0.166,á,3,Purple,401,6667,713,2019,3073,764,1728,2978,754,1748,3046,732,1804,3081,570,1929,3050
archi-phon-2006-PSX-2-stops_0124,233.7,0.126,í,1,Teal,402,5733,476,2317,3167,453,2534,2899,473,2295,2842,436,2096,2837,480,2145,2823
archi-phon-2006-PSX-2-stops_0125,236.7,0.158,í,1,Teal,403,6533,471,1676,3253,476,2189,2928,451,2223,2791,416,1953,2852,474,2135,2880
archi-phon-2006-PSX-2-stops_0126,192.4,0.096,ó,4,Green,404,5733,731,1769,3475,698,1074,3430,751,1125,3064,455,997,2430,369,1039,2635
archi-phon-2006-PSX-2-stops_0127,192.2,0.106,ó,4,Green,405,5733,527,1112,3284,587,1082,2920,461,1043,2597,457,1012,2543,408,1032,2551
archi-phon-2006-PSX-2-stops_0128,220.8,0.298,óˤ,9,Lime,406,5200,702,1284,2010,672,1305,2049,626,1297,2026,612,1262,2087,623,1272,2091
archi-phon-2006-PSX-2-stops_0129,198.6,0.146,óˤ,9,Lime,407,6000,625,1230,2032,617,1202,2042,631,1233,2063,497,1269,2028,564,1261,2067
archi-phon-2006-PSX-2-stops_0130,220.3,0.154,á,3,Purple,408,6667,656,1203,2891,668,1483,2844,753,1567,2813,739,1737,2775,687,1812,2861
archi-phon-2006-PSX-2-stops_0131,177.7,0.142,á,3,Purple,409,6667,633,1189,2917,747,1435,2940,1045,1609,3261,1005,1823,3295,823,1965,3382
archi-phon-2006-PSX-2-stops_0132,241.5,0.262,á,3,Purple,410,6400,728,1666,3203,788,1756,3296,820,1763,2985,819,1737,2962,818,1709,3033
archi-phon-2006-PSX-2-stops_0133,239.9,0.35,á,3,Purple,411,6667,701,1594,3207,792,1770,3291,810,1756,3072,799,1630,3039,800,1583,3037
archi-phon-2006-PSX-2-stops_0134,315.3,0.206,í,1,Teal,412,6400,403,2728,3348,350,2720,3237,350,2613,3132,357,2569,3147,361,2533,3044
archi-phon-2006-PSX-2-stops_0135,212.8,0.12,í,1,Teal,413,7200,425,2701,3275,428,2792,3236,423,2717,3047,409,2757,3127,432,2753,3585
archi-phon-2006-PSX-2-stops_0136,253.6,0.222,áˤ,8,Magenta,414,7067,711,1279,2648,873,1525,2651,1028,1737,2801,910,1786,2756,1007,1928,2861
archi-phon-2006-PSX-2-stops_0137,208.7,0.144,áˤ,8,Magenta,415,5733,685,1194,2448,713,1368,2469,834,1498,2504,861,1639,2475,933,1759,2348
archi-phon-2006-PSX-2-stops_0138,288.4,0.134,ú,5,Olive,416,6800,324,823,3112,336,863,3184,460,853,3105,538,1202,2922,411,1559,2876
archi-phon-2006-PSX-2-stops_0139,215.8,0.136,ú,5,Olive,417,6800,379,924,3153,457,714,3092,454,850,3072,402,1044,3100,376,1222,3150
archi-phon-2006-PSX-2-stops_0140,263.1,0.162,á,3,Purple,418,7200,699,1925,3191,856,1874,3195,926,1853,3232,872,1910,3385,778,1986,3229
archi-phon-2006-PSX-2-stops_0141,194.4,0.128,á,3,Purple,419,7200,705,2048,3384,867,1894,3141,852,1876,3199,839,1933,3305,819,2054,3399
archi-phon-2006-PSX-2-stops_0142,252.1,0.124,áˤ,8,Magenta,420,5600,1028,1664,2725,1233,1705,2637,1368,1798,2612,964,1566,2382,1110,1640,2492
archi-phon-2006-PSX-2-stops_0143,214.8,0.144,áˤ,8,Magenta,421,5333,998,1693,2436,1113,1739,2348,1116,1708,2490,630,1709,2394,596,1737,2313
archi-phon-2006-PSX-2-stops_0144,212.4,0.072,áˤ,8,Magenta,422,6000,1232,1710,2666,1310,1842,2615,1336,1867,2737,1385,1790,2887,1229,1681,2647
archi-phon-2006-PSX-2-stops_0145,206.4,0.342,á,3,Purple,423,6000,812,1857,2903,1012,1844,2911,969,1842,2815,998,1749,2847,912,1782,2928
archi-phon-2006-PSX-2-stops_0146,203,0.322,á,3,Purple,424,5867,1073,2059,3231,857,1807,3113,872,1672,3026,896,1657,3030,900,1653,3112
archi-phon-2006-PSX-2-stops_0147,293.7,0.314,í,1,Teal,425,6133,1215,2317,3557,904,2229,3435,399,2733,3000,318,2720,2946,352,2364,2989
archi-phon-2006-PSX-2-stops_0148,207.2,0.21,í,1,Teal,426,7200,1276,2701,4063,985,2728,3946,437,2570,2847,430,2700,3011,426,2393,3021
